{
  "project_info": {
    "project_number": "482592577082",
    "firebase_url": "https://online-doctor-appointmen-80648.firebaseio.com",
    "project_id": "online-doctor-appointmen-80648",
    "storage_bucket": "online-doctor-appointmen-80648.appspot.com"
  },
  "client": [
    {
      "client_info": {
        "mobilesdk_app_id": "1:482592577082:android:ee682d43190e75b8ba4703",
        "android_client_info": {
          "package_name": "com.example.onlinedoctorappointment"
        }
      },
      "oauth_client": [
        {
          "client_id": "482592577082-m9qjqe08rb7eur14apq04ru8gst0hn19.apps.googleusercontent.com",
          "client_type": 3
        }
      ],
      "api_key": [
        {
          "current_key": "AIzaSyAoFKRv6WGEU-2NpybpOX9W7O-dbVrq5tA"
        }
      ],
      "services": {
        "appinvite_service": {
          "other_platform_oauth_client": [
            {
              "client_id": "482592577082-m9qjqe08rb7eur14apq04ru8gst0hn19.apps.googleusercontent.com",
              "client_type": 3
            }
          ]
        }
      }
    }
  ],
  "configuration_version": "1"
}